{
  "local": {
    "highest_degree": {
      "accuracy": 0.38,
      "total": 100,
      "correct": 38,
      "avg_latency_ms": 0.006597042083740234
    },
    "years_experience": {
      "accuracy": 1.0,
      "total": 100,
      "correct": 100,
      "avg_latency_ms": 0.05774974822998047
    },
    "has_python": {
      "accuracy": 0.69,
      "total": 100,
      "correct": 69,
      "avg_latency_ms": 0.007178783416748047
    }
  }
}