{"roc_auc": 0.9023825652755681, "accuracy": 0.9956761350145586}