{"roc_auc": 0.8925028187430412, "accuracy": 0.9956136514165032}